,name,predicted
0,Nerlens Noel,16.92688751220703
1,Abdel Nader,10.743717193603516
2,Darius Bazley,12.485136032104492
3,Steven Adams,28.95541000366211
4,Dennis Schroder,27.454051971435547
5,Chris Paul,34.10157012939453
6,Terrance Ferguson,30.426158905029297
7,Shai Gilgeous-Alexander,33.193424224853516
